Word,Count,Neighborhood
abode,3,West Town
ac,2,West Town
action,1,West Town
adorable,1,West Town
affordable,2,West Town
air,1,West Town
airy,2,West Town
alluring,1,West Town
alonzo,1,West Town
alta,1,West Town
amazing,17,West Town
amenities,1,West Town
amenity,1,West Town
amongst,1,West Town
app,1,West Town
apt,43,West Town
aptample,1,West Town
area,7,West Town
areauicdwntown,1,West Town
art,7,West Town
artfilled,1,West Town
artful,3,West Town
artist,4,West Town
artists,1,West Town
artsy,3,West Town
attached,1,West Town
attractive,1,West Town
available,1,West Town
ave,3,West Town
avenue,1,West Town
away,1,West Town
awesome,4,West Town
ba,5,West Town
bakery,1,West Town
balcony,4,West Town
balconyprivate,1,West Town
bars,1,West Town
bath,35,West Town
bathfree,1,West Town
bathroom,4,West Town
bb,4,West Town
bd,19,West Town
bdba,5,West Town
bdbr,1,West Town
bdbth,2,West Town
bdoffice,1,West Town
bdr,2,West Town
bdrm,6,West Town
beautiful,21,West Town
beautifulmodern,1,West Town
beauty,2,West Town
bed,34,West Town
bedba,1,West Town
bedbat,1,West Town
bedbath,5,West Town
bedbathden,1,West Town
bedroombath,1,West Town
bedrooms,2,West Town
beds,6,West Town
bee,1,West Town
bells,3,West Town
best,5,West Town
big,4,West Town
bill,1,West Town
bldg,1,West Town
block,1,West Town
blue,12,West Town
boat,1,West Town
bohemian,1,West Town
bosworth,1,West Town
botanical,1,West Town
box,1,West Town
br,38,West Town
brand,1,West Town
brba,5,West Town
brbest,1,West Town
brbth,1,West Town
breathtaking,1,West Town
brheart,1,West Town
brick,3,West Town
bridge,1,West Town
bright,15,West Town
bt,1,West Town
bth,1,West Town
bucktown,20,West Town
bucktownbt,1,West Town
bucktownwicker,5,West Town
budget,1,West Town
budgetfriendly,1,West Town
building,1,West Town
bungalow,1,West Town
bunk,3,West Town
bunkbed,1,West Town
bus,1,West Town
businesscleanaccessible,1,West Town
buzzing,1,West Town
cabin,2,West Town
camera,1,West Town
camping,1,West Town
cape,1,West Town
cardinal,1,West Town
carriage,1,West Town
cats,1,West Town
ceilings,1,West Town
center,3,West Town
central,3,West Town
centrally,1,West Town
century,2,West Town
charm,3,West Town
charmer,2,West Town
charming,18,West Town
cheap,1,West Town
chi,1,West Town
chic,3,West Town
chicago,41,West Town
chicagohalsted,1,West Town
chicagos,1,West Town
chicagowicker,1,West Town
chill,2,West Town
church,4,West Town
cinema,1,West Town
city,11,West Town
class,1,West Town
classic,2,West Town
clean,15,West Town
close,17,West Town
clutter,2,West Town
coach,5,West Town
cod,1,West Town
coffee,3,West Town
combo,1,West Town
comfort,4,West Town
comfortable,6,West Town
comfy,7,West Town
comfywest,1,West Town
communal,1,West Town
condo,47,West Town
condoperfect,1,West Town
conenviently,1,West Town
conv,1,West Town
convenient,2,West Town
conveniently,1,West Town
converted,2,West Town
cool,8,West Town
coolest,1,West Town
corner,4,West Town
corners,2,West Town
corporate,1,West Town
cortez,2,West Town
cosy,1,West Town
couch,2,West Town
cozy,49,West Town
crash,2,West Town
cruise,1,West Town
cta,1,West Town
cute,15,West Town
dana,1,West Town
dead,2,West Town
deck,13,West Town
design,1,West Town
designer,2,West Town
desirable,1,West Town
dietlin,1,West Town
discount,2,West Town
dist,1,West Town
district,2,West Town
districtsleeps,1,West Town
division,1,West Town
double,1,West Town
downtown,25,West Town
downtwn,1,West Town
dream,1,West Town
duplex,17,West Town
duplexperfect,1,West Town
e,1,West Town
east,9,West Town
easy,1,West Town
eats,1,West Town
echelon,1,West Town
eclectic,2,West Town
el,1,West Town
elegant,1,West Town
elevator,1,West Town
end,1,West Town
ent,1,West Town
entire,12,West Town
entrance,1,West Town
entry,2,West Town
escape,2,West Town
ever,1,West Town
everything,2,West Town
explore,2,West Town
exposed,1,West Town
extra,1,West Town
f,1,West Town
fabulous,1,West Town
factor,1,West Town
factory,1,West Town
fall,2,West Town
family,5,West Town
familyfriendly,1,West Town
fantastic,3,West Town
feel,2,West Town
fest,2,West Town
filled,1,West Town
fireplace,1,West Town
first,1,West Town
flat,18,West Town
flatmin,1,West Town
flexible,1,West Town
floor,17,West Town
flr,1,West Town
foodie,1,West Town
foot,1,West Town
found,1,West Town
four,2,West Town
free,9,West Town
ft,3,West Town
full,4,West Town
fullsized,1,West Town
fun,3,West Town
funky,1,West Town
futon,1,West Town
gallery,5,West Town
gallerycondo,1,West Town
garage,4,West Town
garden,8,West Town
gem,3,West Town
getaway,2,West Town
good,1,West Town
gorgeous,10,West Town
graffiti,1,West Town
grand,5,West Town
grant,1,West Town
gratefully,1,West Town
great,22,West Town
greatful,1,West Town
greek,1,West Town
green,1,West Town
greystone,1,West Town
groups,1,West Town
guest,2,West Town
haven,1,West Town
heart,19,West Town
heaven,1,West Town
hideaway,1,West Town
hideout,2,West Town
high,2,West Town
highrise,1,West Town
hip,13,West Town
hipster,3,West Town
historic,1,West Town
hive,1,West Town
holiday,4,West Town
home,25,West Town
homebase,1,West Town
homestead,1,West Town
hood,6,West Town
host,1,West Town
hotel,1,West Town
hotelesk,2,West Town
house,13,West Town
huge,18,West Town
humble,2,West Town
humboldt,19,West Town
humboldtwicker,1,West Town
hwf,1,West Town
icehouse,1,West Town
ii,1,West Town
il,1,West Town
industrial,1,West Town
inn,1,West Town
inspiring,1,West Town
intimate,1,West Town
jacumba,1,West Town
jacuzzi,1,West Town
jay,1,West Town
jones,2,West Town
jumbo,1,West Town
k,1,West Town
killer,1,West Town
king,3,West Town
kinzie,1,West Town
kitchen,1,West Town
lair,1,West Town
lake,1,West Town
large,12,West Town
laundry,1,West Town
layer,1,West Town
lcd,1,West Town
level,5,West Town
lg,2,West Town
life,1,West Town
lifestyle,1,West Town
light,2,West Town
lights,1,West Town
lil,1,West Town
line,11,West Town
lined,1,West Town
little,1,West Town
living,5,West Town
loc,1,West Town
locale,1,West Town
located,3,West Town
location,21,West Town
lodge,1,West Town
loft,75,West Town
lofts,1,West Town
lofty,3,West Town
logan,2,West Town
loganhumboldt,1,West Town
long,1,West Town
looking,1,West Town
loop,15,West Town
lots,3,West Town
lounge,1,West Town
lovely,8,West Town
lovers,1,West Town
lux,3,West Town
luxe,1,West Town
luxebr,1,West Town
luxury,25,West Town
mancave,3,West Town
manor,2,West Town
mansion,1,West Town
mansions,1,West Town
marine,1,West Town
master,8,West Town
mattress,1,West Town
mdrn,1,West Town
med,1,West Town
medical,3,West Town
meeting,1,West Town
mega,2,West Town
mid,1,West Town
midcentury,1,West Town
middle,1,West Town
mile,1,West Town
milwaukee,1,West Town
min,2,West Town
mins,1,West Town
minutes,3,West Town
mktwicker,1,West Town
modern,39,West Town
modernspacious,1,West Town
multi,1,West Town
murray,1,West Town
must,1,West Town
n,1,West Town
natural,1,West Town
nd,1,West Town
near,25,West Town
negotiable,1,West Town
neighborhood,10,West Town
new,7,West Town
newly,2,West Town
next,2,West Town
nice,7,West Town
nicks,1,West Town
night,1,West Town
nightlife,1,West Town
noble,6,West Town
north,4,West Town
northside,1,West Town
number,1,West Town
oakley,1,West Town
oasis,5,West Town
oasiswicker,2,West Town
office,2,West Town
ohare,1,West Town
ohio,1,West Town
one,10,West Town
open,3,West Town
orange,1,West Town
overlooking,1,West Town
owl,1,West Town
oz,1,West Town
pad,2,West Town
palace,1,West Town
pantry,1,West Town
park,204,West Town
parkbucktown,6,West Town
parker,1,West Town
parking,12,West Town
parkprivate,1,West Town
parksix,1,West Town
parkwest,1,West Town
party,1,West Town
patio,3,West Town
peace,2,West Town
peaceful,1,West Town
peeps,1,West Town
penthouse,14,West Town
perfect,5,West Town
petfriendly,1,West Town
pets,1,West Town
photo,2,West Town
pillow,1,West Town
pk,1,West Town
pkuk,1,West Town
place,3,West Town
popular,1,West Town
pretty,1,West Town
price,2,West Town
pristine,1,West Town
priv,1,West Town
privacy,1,West Town
private,82,West Town
prvt,2,West Town
public,1,West Town
purple,2,West Town
qn,1,West Town
quaint,3,West Town
queen,6,West Town
quiet,8,West Town
rad,3,West Town
rd,2,West Town
recently,1,West Town
refurbished,1,West Town
rehabed,1,West Town
relax,2,West Town
relaxed,2,West Town
renovated,2,West Town
renovatedwicker,1,West Town
rent,1,West Town
residence,2,West Town
rest,1,West Town
restful,1,West Town
retro,1,West Town
reviews,1,West Town
rich,1,West Town
right,2,West Town
riot,2,West Town
rise,1,West Town
river,13,West Town
rm,6,West Town
robin,1,West Town
rockin,1,West Town
roof,6,West Town
roofdeck,2,West Town
rooftop,8,West Town
roombath,4,West Town
roombathroom,1,West Town
roomgreat,1,West Town
roomnear,1,West Town
rooms,2,West Town
roomy,1,West Town
rt,1,West Town
rustic,1,West Town
safe,1,West Town
sauna,1,West Town
score,1,West Town
secret,1,West Town
see,1,West Town
sf,4,West Town
shared,3,West Town
short,2,West Town
show,1,West Town
simple,1,West Town
single,4,West Town
six,1,West Town
size,2,West Town
skyline,3,West Town
sleep,1,West Town
sleeps,4,West Town
snug,1,West Town
soaked,2,West Town
spa,1,West Town
space,15,West Town
spacious,44,West Town
spaciouscondo,1,West Town
spaciouscontemporary,1,West Town
spare,3,West Town
special,2,West Town
spectacular,4,West Town
spot,2,West Town
sq,3,West Town
square,8,West Town
ss,1,West Town
st,3,West Town
station,1,West Town
stay,7,West Town
ste,1,West Town
steps,3,West Town
stop,3,West Town
story,2,West Town
street,1,West Town
streetside,1,West Town
students,1,West Town
studio,13,West Town
stunning,6,West Town
style,7,West Town
styled,1,West Town
stylish,3,West Town
subway,2,West Town
suite,10,West Town
sun,2,West Town
sunfilled,1,West Town
sunlit,1,West Town
sunny,34,West Town
sunnycolorful,1,West Town
sunset,1,West Town
super,2,West Town
superb,1,West Town
superhost,3,West Town
swank,1,West Town
swedish,1,West Town
sweet,2,West Town
sweetest,1,West Town
temporary,1,West Town
term,1,West Town
terrace,1,West Town
th,2,West Town
three,1,West Town
timber,4,West Town
timberroof,1,West Town
times,1,West Town
tiny,1,West Town
top,6,West Town
tower,1,West Town
town,44,West Town
townchicago,1,West Town
townhouse,3,West Town
townhumboldt,2,West Town
townwicker,1,West Town
train,2,West Town
trainbuses,1,West Town
tranquil,1,West Town
transit,3,West Town
traveler,1,West Town
travelers,1,West Town
tree,1,West Town
treehouse,1,West Town
trendy,11,West Town
tuscan,1,West Town
twin,2,West Town
two,6,West Town
uic,1,West Town
uicdowntown,1,West Town
uk,5,West Town
ukrainian,25,West Town
ukrainianhumboldt,1,West Town
ukranian,5,West Town
unique,4,West Town
unit,4,West Town
unitswickerparkbdbabysubway,1,West Town
universe,1,West Town
updated,5,West Town
urban,11,West Town
vibe,2,West Town
vibrant,1,West Town
victorian,1,West Town
view,9,West Town
viewa,1,West Town
views,6,West Town
vill,1,West Town
village,37,West Town
villagewestown,1,West Town
villagewicker,1,West Town
villagewp,1,West Town
vintage,29,West Town
vintagedrenched,1,West Town
vlg,1,West Town
w,23,West Town
walk,6,West Town
walkup,1,West Town
warehouse,2,West Town
warm,2,West Town
wattached,1,West Town
wbath,1,West Town
wbucktown,1,West Town
wcity,1,West Town
wckr,1,West Town
weekend,3,West Town
wellappointed,1,West Town
west,61,West Town
western,1,West Town
westtown,1,West Town
whole,1,West Town
wicker,185,West Town
wickerbuck,1,West Town
wickerbucktown,1,West Town
wickernoble,1,West Town
wide,1,West Town
windy,1,West Town
wizard,1,West Town
wonder,1,West Town
wonderful,1,West Town
wow,2,West Town
wp,2,West Town
wpatio,1,West Town
wporch,1,West Town
wprivate,4,West Town
wresort,1,West Town
wroof,1,West Town
wrooftop,1,West Town
wtownfulton,1,West Town
yachtclub,1,West Town
yellow,1,West Town
yet,1,West Town
yoga,1,West Town
york,2,West Town
zen,1,West Town
‚òÖhouse,1,Uptown
‚òÖhousebeacharagontrainbdrmsba,1,Uptown
abode,1,Uptown
adorable,1,Uptown
air,1,Uptown
airy,3,Uptown
amazing,1,Uptown
andersonville,16,Uptown
andersonvillemodern,1,Uptown
andersonvilleuptown,1,Uptown
aprtment,1,Uptown
apt,14,Uptown
aptmt,1,Uptown
area,1,Uptown
art,1,Uptown
artfilled,1,Uptown
artsy,2,Uptown
avail,1,Uptown
away,1,Uptown
awesome,3,Uptown
b,1,Uptown
ba,4,Uptown
bath,7,Uptown
bathroom,3,Uptown
bathstrain,1,Uptown
bb,1,Uptown
bd,11,Uptown
bdba,3,Uptown
bdbt,1,Uptown
bdr,1,Uptown
bdrm,5,Uptown
bds,1,Uptown
beach,11,Uptown
beautiful,7,Uptown
bed,9,Uptown
bedrm,2,Uptown
bedroomaragontrain,1,Uptown
bedroomparkingsubway,1,Uptown
bedrooms,2,Uptown
beds,2,Uptown
best,1,Uptown
big,1,Uptown
blks,1,Uptown
block,1,Uptown
blocks,1,Uptown
boutique,2,Uptown
boystown,1,Uptown
br,4,Uptown
brand,1,Uptown
brb,1,Uptown
brba,1,Uptown
bright,3,Uptown
brm,1,Uptown
brown,1,Uptown
bth,1,Uptown
buena,9,Uptown
century,1,Uptown
charming,10,Uptown
chgo,1,Uptown
chi,1,Uptown
chic,3,Uptown
chicago,13,Uptown
chicagoandersonville,1,Uptown
chicagos,3,Uptown
chitown,1,Uptown
city,2,Uptown
civilized,1,Uptown
classic,3,Uptown
clean,2,Uptown
cleancozy,1,Uptown
cleaning,1,Uptown
close,9,Uptown
collectors,1,Uptown
comfort,1,Uptown
comfortable,2,Uptown
comfy,7,Uptown
condo,28,Uptown
condogreat,1,Uptown
construction,1,Uptown
convenient,1,Uptown
cool,1,Uptown
corner,3,Uptown
cottage,1,Uptown
cozy,18,Uptown
creative,1,Uptown
cta,1,Uptown
cubsandersonvil,1,Uptown
cute,2,Uptown
cutecozy,1,Uptown
d,1,Uptown
dead,1,Uptown
deck,2,Uptown
deckaragontrain,1,Uptown
double,2,Uptown
downtown,3,Uptown
drinks,2,Uptown
duplex,2,Uptown
easy,1,Uptown
eclectic,4,Uptown
edgewater,1,Uptown
entire,1,Uptown
everything,3,Uptown
experience,1,Uptown
extended,1,Uptown
fab,2,Uptown
facing,1,Uptown
fee,1,Uptown
field,6,Uptown
fl,1,Uptown
flat,3,Uptown
floor,6,Uptown
free,2,Uptown
friend,1,Uptown
ft,1,Uptown
full,1,Uptown
fully,1,Uptown
furnished,1,Uptown
futon,1,Uptown
garden,2,Uptown
gem,4,Uptown
getaway,3,Uptown
gorgeous,1,Uptown
grateful,1,Uptown
great,4,Uptown
green,1,Uptown
greystone,2,Uptown
guesthouse,1,Uptown
gym,1,Uptown
haven,1,Uptown
heart,1,Uptown
hi,1,Uptown
high,3,Uptown
historic,2,Uptown
home,5,Uptown
hood,2,Uptown
hotel,1,Uptown
house,2,Uptown
huge,4,Uptown
in,1,Uptown
jungle,1,Uptown
junior,1,Uptown
kimmies,1,Uptown
king,1,Uptown
korner,1,Uptown
kozy,1,Uptown
l,1,Uptown
lake,29,Uptown
lakebeach,1,Uptown
lakecity,1,Uptown
lakefront,3,Uptown
lakeside,2,Uptown
lakeview,5,Uptown
lakeviewboystown,1,Uptown
lakeviewwrigley,1,Uptown
lakewrigleyuptown,1,Uptown
large,8,Uptown
line,3,Uptown
little,1,Uptown
living,3,Uptown
location,4,Uptown
locationlocationlocation,1,Uptown
loft,6,Uptown
lovely,1,Uptown
lovelycomfy,1,Uptown
lovelyprivate,1,Uptown
lovers,1,Uptown
lux,3,Uptown
luxurious,2,Uptown
luxury,10,Uptown
make,1,Uptown
mansion,1,Uptown
master,1,Uptown
mattress,1,Uptown
michigan,6,Uptown
microfiber,1,Uptown
mid,1,Uptown
min,3,Uptown
minimansion,1,Uptown
mins,1,Uptown
modern,10,Uptown
musicians,1,Uptown
n,1,Uptown
nature,1,Uptown
nd,1,Uptown
near,24,Uptown
new,6,Uptown
newly,1,Uptown
next,1,Uptown
nice,2,Uptown
north,5,Uptown
northside,3,Uptown
oasis,2,Uptown
ok,1,Uptown
old,1,Uptown
one,4,Uptown
onebedroom,1,Uptown
open,1,Uptown
overlooking,1,Uptown
park,9,Uptown
parking,5,Uptown
patio,1,Uptown
peaceful,1,Uptown
penthouse,1,Uptown
perfect,2,Uptown
place,1,Uptown
pool,1,Uptown
privacy,1,Uptown
private,24,Uptown
public,1,Uptown
pvt,1,Uptown
queen,1,Uptown
quiet,8,Uptown
ravenswood,6,Uptown
rd,2,Uptown
rdline,1,Uptown
red,2,Uptown
redline,2,Uptown
refurbished,1,Uptown
relaxing,1,Uptown
remodeled,1,Uptown
renovated,1,Uptown
rent,1,Uptown
rental,3,Uptown
right,2,Uptown
rise,4,Uptown
riviera,1,Uptown
rmbath,1,Uptown
roofdeck,1,Uptown
rooftop,3,Uptown
roomprivate,1,Uptown
roomy,1,Uptown
saigon,1,Uptown
scenic,1,Uptown
sectioned,1,Uptown
sexyinviting,1,Uptown
sf,1,Uptown
shared,4,Uptown
side,3,Uptown
single,1,Uptown
skydeck,1,Uptown
skylight,2,Uptown
small,2,Uptown
sofa,1,Uptown
spa,1,Uptown
space,2,Uptown
spacious,13,Uptown
spot,1,Uptown
sq,1,Uptown
stay,2,Uptown
steps,1,Uptown
street,1,Uptown
studio,24,Uptown
stunning,1,Uptown
style,1,Uptown
suite,3,Uptown
suitebath,1,Uptown
sunny,7,Uptown
sunrise,1,Uptown
sweet,2,Uptown
third,1,Uptown
tidy,1,Uptown
top,2,Uptown
townhouse,1,Uptown
train,2,Uptown
trains,1,Uptown
trainsbusesbeach,1,Uptown
transit,1,Uptown
tv,1,Uptown
twin,1,Uptown
unique,2,Uptown
unit,3,Uptown
uptown,29,Uptown
uptownandersonville,1,Uptown
uptownliving,1,Uptown
ur,1,Uptown
urban,5,Uptown
value,1,Uptown
victorian,2,Uptown
view,1,Uptown
views,2,Uptown
vintage,8,Uptown
w,6,Uptown
walk,2,Uptown
weekend,1,Uptown
wfull,1,Uptown
whole,1,Uptown
wonderful,1,Uptown
worldsandersonville,1,Uptown
wrig,1,Uptown
wrigley,12,Uptown
wrigleyville,3,Uptown
wyoga,1,Uptown
abode,1,Near West Side
accommodations,1,Near West Side
air,1,Near West Side
airy,1,Near West Side
amazing,8,Near West Side
amenities,2,Near West Side
‚ú,1,Near West Side
‚úlove,1,Near West Side
apart,1,Near West Side
apt,13,Near West Side
art,2,Near West Side
artfilled,1,Near West Side
artfocused,1,Near West Side
artist,3,Near West Side
astonishing,1,Near West Side
available,4,Near West Side
ba,5,Near West Side
balcony,2,Near West Side
bath,15,Near West Side
bathroom,1,Near West Side
bb,1,Near West Side
bd,15,Near West Side
bdbth,1,Near West Side
bdr,2,Near West Side
bdrbath,2,Near West Side
bdrm,1,Near West Side
bdrms,1,Near West Side
beautiful,9,Near West Side
bed,10,Near West Side
beds,1,Near West Side
best,2,Near West Side
big,3,Near West Side
bigrehabbed,1,Near West Side
blackhawks,1,Near West Side
bldg,1,Near West Side
blue,1,Near West Side
br,17,Near West Side
brand,2,Near West Side
brba,2,Near West Side
breathtaking,1,Near West Side
brick,2,Near West Side
bright,3,Near West Side
bth,2,Near West Side
bulls,1,Near West Side
carpeted,1,Near West Side
ceilings,1,Near West Side
center,3,Near West Side
centeruic,1,Near West Side
charming,3,Near West Side
chic,1,Near West Side
chicago,21,Near West Side
chicagos,2,Near West Side
city,10,Near West Side
classy,1,Near West Side
clean,4,Near West Side
cleancozy,2,Near West Side
close,4,Near West Side
come,1,Near West Side
comfortable,1,Near West Side
comfy,1,Near West Side
condo,22,Near West Side
condoapt,1,Near West Side
condohot,1,Near West Side
confy,1,Near West Side
convenience,2,Near West Side
convenient,1,Near West Side
cool,2,Near West Side
corner,3,Near West Side
couch,1,Near West Side
cozy,11,Near West Side
deck,3,Near West Side
den,1,Near West Side
desi,1,Near West Side
dist,2,Near West Side
district,1,Near West Side
districtloop,1,Near West Side
downtown,26,Near West Side
downtownwest,1,Near West Side
dowtown,2,Near West Side
dream,1,Near West Side
eagles,1,Near West Side
easytransit,1,Near West Side
enough,1,Near West Side
entire,2,Near West Side
everything,1,Near West Side
expensive,1,Near West Side
fabulous,1,Near West Side
facing,1,Near West Side
family,1,Near West Side
fantastic,1,Near West Side
female,2,Near West Side
females,1,Near West Side
finest,1,Near West Side
fl,1,Near West Side
flat,1,Near West Side
floor,6,Near West Side
foodie,1,Near West Side
foodies,1,Near West Side
free,7,Near West Side
full,1,Near West Side
fully,2,Near West Side
fulton,5,Near West Side
fun,1,Near West Side
funky,1,Near West Side
furnished,1,Near West Side
futon,1,Near West Side
gallery,2,Near West Side
game,1,Near West Side
gem,2,Near West Side
getaway,2,Near West Side
gorgeous,6,Near West Side
great,5,Near West Side
greektown,1,Near West Side
gym,1,Near West Side
hall,1,Near West Side
heart,4,Near West Side
hide,1,Near West Side
hideaway,1,Near West Side
high,3,Near West Side
highrise,1,Near West Side
hip,1,Near West Side
historic,4,Near West Side
home,2,Near West Side
homey,1,Near West Side
hospital,1,Near West Side
hot,1,Near West Side
house,1,Near West Side
housefreeparking,1,Near West Side
huge,13,Near West Side
ideal,1,Near West Side
incl,1,Near West Side
incredible,1,Near West Side
ind,1,Near West Side
industrial,1,Near West Side
italy,12,Near West Side
king,1,Near West Side
lake,1,Near West Side
large,12,Near West Side
lavish,2,Near West Side
lg,1,Near West Side
line,1,Near West Side
little,12,Near West Side
living,1,Near West Side
location,7,Near West Side
loft,48,Near West Side
loftwest,1,Near West Side
lofty,1,Near West Side
loop,70,Near West Side
loopdowntown,1,Near West Side
loopriver,1,Near West Side
lovely,4,Near West Side
lovers,1,Near West Side
lux,4,Near West Side
luxe,2,Near West Side
luxurious,3,Near West Side
luxury,17,Near West Side
magnificent,1,Near West Side
market,3,Near West Side
markt,1,Near West Side
massive,1,Near West Side
master,4,Near West Side
mattress,1,Near West Side
meatpacking,1,Near West Side
med,2,Near West Side
medical,3,Near West Side
minutes,2,Near West Side
modern,17,Near West Side
month,1,Near West Side
near,18,Near West Side
neat,1,Near West Side
neighborhood,1,Near West Side
nest,1,Near West Side
new,5,Near West Side
next,2,Near West Side
nice,2,Near West Side
nights,1,Near West Side
noble,1,Near West Side
north,5,Near West Side
oasis,1,Near West Side
offers,1,Near West Side
old,1,Near West Side
one,4,Near West Side
open,1,Near West Side
optimizing,1,Near West Side
oversized,1,Near West Side
pad,1,Near West Side
parkg,2,Near West Side
parkin,1,Near West Side
parking,11,Near West Side
patio,1,Near West Side
penthouse,2,Near West Side
perfect,4,Near West Side
pilsen,2,Near West Side
place,2,Near West Side
pls,1,Near West Side
pool,1,Near West Side
poolgarage,1,Near West Side
posh,1,Near West Side
prefect,1,Near West Side
presidential,2,Near West Side
prime,3,Near West Side
priv,1,Near West Side
private,30,Near West Side
privpatio,1,Near West Side
queen,1,Near West Side
queer,1,Near West Side
quiet,1,Near West Side
rating,1,Near West Side
relax,1,Near West Side
restaurant,3,Near West Side
retreat,1,Near West Side
rise,3,Near West Side
river,7,Near West Side
roof,2,Near West Side
roofdeck,1,Near West Side
rooftop,1,Near West Side
rooms,1,Near West Side
roomy,1,Near West Side
row,4,Near West Side
rush,4,Near West Side
safe,1,Near West Side
sanctuary,1,Near West Side
school,1,Near West Side
sears,1,Near West Side
short,1,Near West Side
single,2,Near West Side
skyline,3,Near West Side
sleek,1,Near West Side
sleeps,1,Near West Side
space,4,Near West Side
spacious,13,Near West Side
specious,1,Near West Side
spectacular,2,Near West Side
spot,2,Near West Side
square,1,Near West Side
st,1,Near West Side
stay,4,Near West Side
steps,1,Near West Side
studentsuicclose,1,Near West Side
studio,11,Near West Side
stunning,1,Near West Side
sublease,1,Near West Side
suite,2,Near West Side
sundrenched,1,Near West Side
sunny,7,Near West Side
sunsoaked,1,Near West Side
super,1,Near West Side
surfing,1,Near West Side
swag,1,Near West Side
taylor,1,Near West Side
th,5,Near West Side
timber,5,Near West Side
time,1,Near West Side
top,1,Near West Side
tower,3,Near West Side
towers,1,Near West Side
town,6,Near West Side
townhome,2,Near West Side
tranquil,2,Near West Side
transit,1,Near West Side
trendy,5,Near West Side
trimmed,1,Near West Side
uic,9,Near West Side
uicrush,1,Near West Side
ultimate,1,Near West Side
unit,1,Near West Side
united,2,Near West Side
unitedcenter,1,Near West Side
university,1,Near West Side
updated,1,Near West Side
upscale,2,Near West Side
urban,6,Near West Side
victorian,1,Near West Side
view,8,Near West Side
viewlocation,1,Near West Side
views,10,Near West Side
vilage,1,Near West Side
vintage,2,Near West Side
w,20,Near West Side
walk,1,Near West Side
walktrainfreeparking,1,Near West Side
wawesome,1,Near West Side
weekend,1,Near West Side
west,71,Near West Side
westloopunited,1,Near West Side
wgreat,1,Near West Side
wonderful,1,Near West Side
wonderland,1,Near West Side
wood,1,Near West Side
young,1,Near West Side
a,3,Near North Side
‚ùÔè,1,Near North Side
access,1,Near North Side
across,1,Near North Side
address,1,Near North Side
adorable,2,Near North Side
affordable,1,Near North Side
air,1,Near North Side
airy,1,Near North Side
amazing,28,Near North Side
amenities,5,Near North Side
antique,1,Near North Side
apt,42,Near North Side
aptmagnificent,1,Near North Side
area,5,Near North Side
art,2,Near North Side
artistic,3,Near North Side
artists,2,Near North Side
artsy,1,Near North Side
attractions,2,Near North Side
ave,5,Near North Side
avenue,4,Near North Side
avrg,1,Near North Side
away,2,Near North Side
awesome,2,Near North Side
b,7,Near North Side
ba,7,Near North Side
balcony,7,Near North Side
balconygold,1,Near North Side
bars,2,Near North Side
bath,20,Near North Side
bathroom,5,Near North Side
bb,3,Near North Side
bd,15,Near North Side
bdba,4,Near North Side
bdbath,1,Near North Side
bdbr,3,Near North Side
bdr,4,Near North Side
bdrm,5,Near North Side
bdrms,1,Near North Side
beach,6,Near North Side
beachbarscity,1,Near North Side
beautiful,11,Near North Side
beautifully,2,Near North Side
beauty,1,Near North Side
bed,20,Near North Side
bedrooms,1,Near North Side
beds,1,Near North Side
bedsba,2,Near North Side
best,13,Near North Side
big,1,Near North Side
bld,1,Near North Side
bldg,2,Near North Side
block,4,Near North Side
blue,1,Near North Side
boutique,1,Near North Side
br,55,Near North Side
brapartmenthome,1,Near North Side
brba,12,Near North Side
brick,1,Near North Side
bricktimber,1,Near North Side
bright,3,Near North Side
brightprivate,1,Near North Side
brown,1,Near North Side
brprivate,1,Near North Side
building,1,Near North Side
c,1,Near North Side
castle,2,Near North Side
cat,1,Near North Side
center,4,Near North Side
central,2,Near North Side
charming,9,Near North Side
chestnut,2,Near North Side
chic,3,Near North Side
chicago,76,Near North Side
chicagogreat,1,Near North Side
chicagoluxury,1,Near North Side
chicagos,4,Near North Side
city,15,Near North Side
close,8,Near North Side
clouds,1,Near North Side
coach,2,Near North Side
coast,100,Near North Side
coastold,1,Near North Side
coastriver,1,Near North Side
comfort,1,Near North Side
comfortable,3,Near North Side
comfy,2,Near North Side
condo,40,Near North Side
condochicago,1,Near North Side
condoheart,2,Near North Side
condominium,1,Near North Side
contact,1,Near North Side
convenience,2,Near North Side
convenient,3,Near North Side
convertible,3,Near North Side
cool,1,Near North Side
corner,5,Near North Side
cost,4,Near North Side
costdowntown,1,Near North Side
cottage,1,Near North Side
couch,1,Near North Side
courtyard,1,Near North Side
cozy,28,Near North Side
crash,1,Near North Side
cute,1,Near North Side
deal,1,Near North Side
dearborn,2,Near North Side
deck,2,Near North Side
decks,1,Near North Side
deckskyline,1,Near North Side
deco,1,Near North Side
delightful,1,Near North Side
deluxe,1,Near North Side
den,1,Near North Side
designer,1,Near North Side
designers,1,Near North Side
direct,1,Near North Side
district,1,Near North Side
division,1,Near North Side
divisiondearborn,1,Near North Side
double,1,Near North Side
downtown,69,Near North Side
downtownloop,1,Near North Side
downtownparklake,1,Near North Side
dropping,1,Near North Side
duplex,3,Near North Side
eclectic,1,Near North Side
edgar,1,Near North Side
elegant,2,Near North Side
elm,1,Near North Side
enjoy,1,Near North Side
ensuite,1,Near North Side
entire,1,Near North Side
epic,2,Near North Side
escape,2,Near North Side
everything,10,Near North Side
everythingstay,1,Near North Side
everywhere,1,Near North Side
excellent,2,Near North Side
executive,1,Near North Side
exp,1,Near North Side
explore,1,Near North Side
exposed,1,Near North Side
f,2,Near North Side
fabulous,3,Near North Side
fantastic,1,Near North Side
feb,1,Near North Side
feel,1,Near North Side
fireworks,1,Near North Side
fl,1,Near North Side
flat,4,Near North Side
floor,16,Near North Side
florsheim,1,Near North Side
flr,2,Near North Side
free,6,Near North Side
french,1,Near North Side
front,2,Near North Side
ft,1,Near North Side
full,1,Near North Side
furnished,9,Near North Side
g,2,Near North Side
garage,1,Near North Side
garden,1,Near North Side
gc,3,Near North Side
gem,3,Near North Side
glamorous,2,Near North Side
gold,104,Near North Side
goldcoast,10,Near North Side
gorg,1,Near North Side
gorgeous,6,Near North Side
grand,4,Near North Side
great,30,Near North Side
green,1,Near North Side
greenhouse,1,Near North Side
guaranteed,1,Near North Side
guestroom,1,Near North Side
gym,1,Near North Side
hancock,2,Near North Side
hancok,1,Near North Side
heart,32,Near North Side
high,12,Near North Side
highrise,8,Near North Side
hirise,2,Near North Side
historic,6,Near North Side
home,3,Near North Side
homey,1,Near North Side
hot,2,Near North Side
hotel,5,Near North Side
hotellike,1,Near North Side
house,7,Near North Side
huge,10,Near North Side
iconic,1,Near North Side
ideal,1,Near North Side
ii,1,Near North Side
included,2,Near North Side
incredible,1,Near North Side
independent,1,Near North Side
industrial,1,Near North Side
intimate,1,Near North Side
jaw,1,Near North Side
john,1,Near North Side
key,1,Near North Side
lady,1,Near North Side
lake,19,Near North Side
lakecity,1,Near North Side
lakefront,2,Near North Side
lakefrontnavy,1,Near North Side
lakemichigan,1,Near North Side
lakeparktrain,1,Near North Side
lakeshore,2,Near North Side
lakeside,1,Near North Side
lakesideviews,1,Near North Side
lakeview,1,Near North Side
large,11,Near North Side
lasalle,1,Near North Side
lavish,1,Near North Side
level,1,Near North Side
lg,1,Near North Side
library,1,Near North Side
life,1,Near North Side
lincoln,5,Near North Side
line,5,Near North Side
live,1,Near North Side
lively,1,Near North Side
living,6,Near North Side
loc,3,Near North Side
located,1,Near North Side
location,43,Near North Side
locationheart,1,Near North Side
locationstylish,1,Near North Side
loft,46,Near North Side
lolla,1,Near North Side
loop,4,Near North Side
love,1,Near North Side
lovely,4,Near North Side
lowest,1,Near North Side
lurury,1,Near North Side
lux,8,Near North Side
luxe,2,Near North Side
luxurious,7,Near North Side
luxury,61,Near North Side
luxury‚Äîlive,1,Near North Side
luxurybrba,1,Near North Side
luxurylocation,1,Near North Side
m,1,Near North Side
mag,10,Near North Side
magmilewatertower,2,Near North Side
magnificent,9,Near North Side
manor,1,Near North Side
mansion,1,Near North Side
master,7,Near North Side
meets,1,Near North Side
michigan,11,Near North Side
mile,19,Near North Side
milelakeloop,1,Near North Side
miller,1,Near North Side
min,1,Near North Side
minutes,1,Near North Side
modern,31,Near North Side
modernist,1,Near North Side
month,1,Near North Side
navy,6,Near North Side
nd,4,Near North Side
near,15,Near North Side
needed,1,Near North Side
neighborhood,1,Near North Side
new,6,Near North Side
newly,1,Near North Side
next,5,Near North Side
nfranklin,1,Near North Side
nice,1,Near North Side
north,76,Near North Side
nystyle,1,Near North Side
oasis,4,Near North Side
old,59,Near North Side
omg,1,Near North Side
one,6,Near North Side
onebedroom,1,Near North Side
openconcept,1,Near North Side
overly,1,Near North Side
pad,1,Near North Side
panoramic,2,Near North Side
paradise,1,Near North Side
park,6,Near North Side
parking,12,Near North Side
patio,2,Near North Side
penthouse,19,Near North Side
perch,1,Near North Side
perfect,6,Near North Side
pics,1,Near North Side
pier,7,Near North Side
piermichigan,1,Near North Side
pk,2,Near North Side
pl,3,Near North Side
pool,6,Near North Side
poolparking,1,Near North Side
pooltablehot,1,Near North Side
posh,1,Near North Side
ppl,1,Near North Side
pr,1,Near North Side
pretty,1,Near North Side
prewar,1,Near North Side
price,1,Near North Side
prime,9,Near North Side
priv,3,Near North Side
private,26,Near North Side
privateapartmentmagnificentmiles,1,Near North Side
public,1,Near North Side
pullout,1,Near North Side
queen,3,Near North Side
quiet,2,Near North Side
quirky,1,Near North Side
raffaello,2,Near North Side
rd,2,Near North Side
red,4,Near North Side
remodeled,1,Near North Side
renovated,2,Near North Side
rent,3,Near North Side
residential,1,Near North Side
resort,1,Near North Side
retreat,2,Near North Side
right,2,Near North Side
rise,11,Near North Side
ritchie,1,Near North Side
riv,1,Near North Side
river,75,Near North Side
rm,1,Near North Side
rmentire,1,Near North Side
romantic,1,Near North Side
roof,2,Near North Side
rooftop,1,Near North Side
roomdowntown,1,Near North Side
roommate,1,Near North Side
roomprivate,1,Near North Side
roomy,1,Near North Side
rush,6,Near North Side
rushdivision,1,Near North Side
sbr,1,Near North Side
secret,1,Near North Side
see,1,Near North Side
services,1,Near North Side
share,1,Near North Side
short,2,Near North Side
side,1,Near North Side
simple,1,Near North Side
sky,3,Near North Side
skyline,6,Near North Side
skyprime,1,Near North Side
skyscraper,1,Near North Side
sleep,2,Near North Side
sleeps,7,Near North Side
smooth,1,Near North Side
sofa,1,Near North Side
south,1,Near North Side
space,1,Near North Side
spacious,19,Near North Side
spectacular,2,Near North Side
spot,1,Near North Side
spots,1,Near North Side
sq,1,Near North Side
sqft,1,Near North Side
st,6,Near North Side
star,1,Near North Side
state,3,Near North Side
stay,4,Near North Side
steps,10,Near North Side
stgarden,1,Near North Side
street,1,Near North Side
streeter,2,Near North Side
streeterville,11,Near North Side
studio,74,Near North Side
studiogold,2,Near North Side
studiogreat,1,Near North Side
studioold,1,Near North Side
studioriver,1,Near North Side
stunner,2,Near North Side
stunning,12,Near North Side
style,1,Near North Side
stylish,1,Near North Side
suite,7,Near North Side
suites,2,Near North Side
sundrenched,1,Near North Side
sunfilled,1,Near North Side
sunny,5,Near North Side
surroundings,1,Near North Side
swanky,1,Near North Side
sweet,1,Near North Side
tempurpedic,1,Near North Side
terrific,1,Near North Side
th,4,Near North Side
top,6,Near North Side
touristy,2,Near North Side
tower,1,Near North Side
town,61,Near North Side
towne,1,Near North Side
townhome,3,Near North Side
townhouse,1,Near North Side
townlincoln,1,Near North Side
train,2,Near North Side
tri,1,Near North Side
tub,1,Near North Side
tuxedo,1,Near North Side
two,2,Near North Side
unique,1,Near North Side
unit,5,Near North Side
unparalleled,1,Near North Side
updated,1,Near North Side
upgraded,1,Near North Side
upscale,1,Near North Side
urban,3,Near North Side
vibrant,1,Near North Side
victorian,1,Near North Side
view,40,Near North Side
views,21,Near North Side
vintage,6,Near North Side
w,18,Near North Side
walk,7,Near North Side
walkers,1,Near North Side
water,1,Near North Side
wdeck,1,Near North Side
west,1,Near North Side
whimsical,1,Near North Side
wlake,1,Near North Side
wluxe,1,Near North Side
wparking,1,Near North Side
wpatio,1,Near North Side
wprivate,1,Near North Side
wt,1,Near North Side
wth,1,Near North Side
wview,1,Near North Side
zen,1,Near North Side
air,1,Loop
amazing,9,Loop
amenities,1,Loop
ample,1,Loop
apt,23,Loop
aptdowntownnavypier,1,Loop
attached,1,Loop
av,1,Loop
available,1,Loop
ave,7,Loop
away,2,Loop
awesome,2,Loop
ba,3,Loop
balc,2,Loop
balcony,8,Loop
bath,6,Loop
bb,1,Loop
bd,4,Loop
bdbr,1,Loop
bdbt,1,Loop
bdbth,1,Loop
bdr,1,Loop
beachhous,1,Loop
beautiful,14,Loop
beauty,1,Loop
bed,6,Loop
bedbath,2,Loop
bedrooms,1,Loop
best,4,Loop
bh,2,Loop
br,29,Loop
brand,1,Loop
brba,11,Loop
breathtaking,1,Loop
brilliant,1,Loop
building,4,Loop
central,1,Loop
chateau,1,Loop
chi,3,Loop
chic,2,Loop
chicago,42,Loop
chicagos,2,Loop
city,12,Loop
citylake,1,Loop
clark,1,Loop
close,3,Loop
clouds,1,Loop
coast,1,Loop
comfy,1,Loop
condo,13,Loop
condobeautiful,1,Loop
condochicago,1,Loop
convertible,4,Loop
cool,1,Loop
corner,6,Loop
corporate,1,Loop
cosy,1,Loop
cottage,1,Loop
cozy,3,Loop
dead,1,Loop
dec,1,Loop
deluxewyndham,1,Loop
dollar,2,Loop
downtown,43,Loop
dreamy,2,Loop
dt,1,Loop
duplex,1,Loop
dwtnlakeshore,1,Loop
dwtnlakeshoreeastloop,1,Loop
east,3,Loop
eastloop,1,Loop
eclectic,1,Loop
efficiency,1,Loop
entire,2,Loop
epic,1,Loop
everything,3,Loop
ex,1,Loop
exec,1,Loop
expansive,1,Loop
experience,1,Loop
exposure,1,Loop
fabulous,1,Loop
fantastic,2,Loop
fisher,1,Loop
flat,1,Loop
floor,4,Loop
flr,1,Loop
furnished,1,Loop
gem,2,Loop
girl,1,Loop
gorgeous,3,Loop
grand,2,Loop
grant,1,Loop
great,12,Loop
guest,1,Loop
gympoolparking,1,Loop
haven,1,Loop
heart,14,Loop
hgtv,1,Loop
hide,1,Loop
high,12,Loop
highrise,1,Loop
historic,2,Loop
home,4,Loop
house,1,Loop
housing,1,Loop
iconic,4,Loop
ii,1,Loop
iii,1,Loop
incredible,1,Loop
iv,1,Loop
jnr,1,Loop
lake,10,Loop
lakefront,1,Loop
lakeshore,7,Loop
lakeview,1,Loop
landmark,2,Loop
large,4,Loop
legacy,1,Loop
level,1,Loop
lightfilled,1,Loop
live,3,Loop
living,1,Loop
location,15,Loop
locationspacious,1,Loop
locationview,1,Loop
lodging,1,Loop
loft,13,Loop
lofted,1,Loop
long,1,Loop
longer,1,Loop
loop,52,Loop
loopriver,1,Loop
lovely,1,Loop
lux,6,Loop
luxurious,3,Loop
luxury,31,Loop
luxurybest,1,Loop
mag,2,Loop
mansion,1,Loop
massive,2,Loop
master,2,Loop
masterbdr,1,Loop
mastrbedroom,1,Loop
mattress,1,Loop
mi,1,Loop
michigan,5,Loop
mile,2,Loop
millenium,6,Loop
millennium,10,Loop
million,2,Loop
milllennium,1,Loop
modern,12,Loop
modernlakefront,1,Loop
month,1,Loop
n,1,Loop
navy,3,Loop
near,8,Loop
new,4,Loop
next,1,Loop
nice,1,Loop
nonsharing,1,Loop
north,1,Loop
oasis,1,Loop
old,1,Loop
one,3,Loop
overviewing,1,Loop
paradise,1,Loop
park,21,Loop
parking,1,Loop
pent,2,Loop
penthouse,11,Loop
perfect,4,Loop
ph,1,Loop
pier,3,Loop
place,1,Loop
pool,1,Loop
posh,1,Loop
pp,1,Loop
price,2,Loop
prime,1,Loop
printers,6,Loop
priv,1,Loop
private,8,Loop
qbr,2,Loop
queen,1,Loop
queens,1,Loop
right,1,Loop
rise,12,Loop
river,5,Loop
riverwalk,1,Loop
row,6,Loop
s,2,Loop
seen,1,Loop
shore,1,Loop
shows,1,Loop
side,1,Loop
skyduplex,1,Loop
skyscraper,2,Loop
sleek,1,Loop
sleeps,1,Loop
solo,1,Loop
sophisticated,2,Loop
south,10,Loop
spacious,10,Loop
spectacular,1,Loop
sqft,1,Loop
standandmichigan,1,Loop
standard,1,Loop
state,1,Loop
stay,2,Loop
story,1,Loop
street,1,Loop
studio,15,Loop
studiofull,1,Loop
stunning,6,Loop
sublet,1,Loop
suite,5,Loop
suitemich,1,Loop
suites,2,Loop
suitesmichigan,1,Loop
sunny,3,Loop
super,1,Loop
supreme,1,Loop
sweet,4,Loop
term,1,Loop
terrace,1,Loop
th,3,Loop
timber,2,Loop
top,3,Loop
tower,1,Loop
town,2,Loop
tru,1,Loop
ultramodern,1,Loop
unit,4,Loop
upscale,1,Loop
urban,2,Loop
view,28,Loop
views,16,Loop
viewspool,1,Loop
w,6,Loop
weeks,1,Loop
west,1,Loop
wifi,1,Loop
windy,1,Loop
wow,2,Loop
wrigley,1,Loop
wyndham,1,Loop
zen,2,Loop
‚ùÔè,1,Logan Square
access,1,Logan Square
adobe,1,Logan Square
adorable,2,Logan Square
adventurers,1,Logan Square
affordable,3,Logan Square
airbed,1,Logan Square
airy,1,Logan Square
amazing,2,Logan Square
apartmentgreat,2,Logan Square
apartments,1,Logan Square
apt,37,Logan Square
area,1,Logan Square
art,1,Logan Square
artist,1,Logan Square
artsy,1,Logan Square
attic,3,Logan Square
‚ô,2,Logan Square
away,2,Logan Square
awesome,1,Logan Square
aws,1,Logan Square
b,1,Logan Square
ba,1,Logan Square
balcony,1,Logan Square
basement,1,Logan Square
bath,13,Logan Square
bathroom,3,Logan Square
baths,1,Logan Square
bb,3,Logan Square
bd,16,Logan Square
bdba,1,Logan Square
bdbthrm,1,Logan Square
bddogfriendly,1,Logan Square
bdr,1,Logan Square
bdrm,7,Logan Square
bdrmbath,1,Logan Square
beach,1,Logan Square
beautiful,19,Logan Square
beautifully,1,Logan Square
beauty,3,Logan Square
bed,18,Logan Square
bedbath,1,Logan Square
bedrm,2,Logan Square
bedroombath,1,Logan Square
bedrooms,2,Logan Square
beds,1,Logan Square
bernard,3,Logan Square
best,3,Logan Square
bienvenue,1,Logan Square
bienvenuti,1,Logan Square
big,2,Logan Square
blocks,3,Logan Square
blue,9,Logan Square
blueline,2,Logan Square
blvd,2,Logan Square
bohocat,1,Logan Square
bold,1,Logan Square
botanical,1,Logan Square
boulevard,5,Logan Square
boulevards,1,Logan Square
br,22,Logan Square
brand,2,Logan Square
brb,2,Logan Square
brba,2,Logan Square
brba‚Äînear,1,Logan Square
brbabig,1,Logan Square
brick,4,Logan Square
bright,8,Logan Square
brlogan,1,Logan Square
brownstone,2,Logan Square
bt,1,Logan Square
buck,1,Logan Square
bucktown,61,Logan Square
bucktownlogan,3,Logan Square
bucktowns,1,Logan Square
bucktownwicker,3,Logan Square
bungalow,1,Logan Square
bunkbedsfull,1,Logan Square
bunkroom,1,Logan Square
bursting,1,Logan Square
busy,1,Logan Square
c,1,Logan Square
cali,1,Logan Square
california,1,Logan Square
camaraderie,1,Logan Square
center,1,Logan Square
central,1,Logan Square
champagne,1,Logan Square
character,1,Logan Square
charm,2,Logan Square
charming,13,Logan Square
chic,1,Logan Square
chicago,12,Logan Square
chicago‚Äôs,1,Logan Square
chill,4,Logan Square
city,2,Logan Square
classic,3,Logan Square
classy,1,Logan Square
clean,4,Logan Square
close,1,Logan Square
coach,4,Logan Square
come,1,Logan Square
comfiest,1,Logan Square
comfortable,3,Logan Square
comfy,7,Logan Square
condo,25,Logan Square
connect,1,Logan Square
connected,1,Logan Square
construction,2,Logan Square
convenient,2,Logan Square
cool,1,Logan Square
coolest,1,Logan Square
corner,1,Logan Square
couch,3,Logan Square
coveted,1,Logan Square
cowabunga,1,Logan Square
cozy,39,Logan Square
cozybright,1,Logan Square
creative,1,Logan Square
cta,1,Logan Square
cute,5,Logan Square
cutest,1,Logan Square
dead,1,Logan Square
deck,1,Logan Square
decks,1,Logan Square
deluxe,1,Logan Square
den,3,Logan Square
dietlin,1,Logan Square
dietlins,1,Logan Square
divvy,1,Logan Square
dog,1,Logan Square
doggie,1,Logan Square
downtown,1,Logan Square
dude,1,Logan Square
duplex,5,Logan Square
duplexed,1,Logan Square
eclectic,2,Logan Square
el,1,Logan Square
empty,1,Logan Square
en,1,Logan Square
enchantment,1,Logan Square
enjoy,2,Logan Square
entire,7,Logan Square
entrance,1,Logan Square
explore,2,Logan Square
exposed,1,Logan Square
family,2,Logan Square
farm,1,Logan Square
feel,1,Logan Square
fest,2,Logan Square
filled,1,Logan Square
fire,1,Logan Square
fits,1,Logan Square
fl,1,Logan Square
flat,4,Logan Square
floor,2,Logan Square
flr,1,Logan Square
fortress,1,Logan Square
free,2,Logan Square
friendly,2,Logan Square
ft,1,Logan Square
fun,1,Logan Square
furnished,1,Logan Square
garden,8,Logan Square
gem,1,Logan Square
get,1,Logan Square
getaway,1,Logan Square
gigantic,1,Logan Square
glass,1,Logan Square
golden,2,Logan Square
gorgeous,7,Logan Square
great,16,Logan Square
green,3,Logan Square
grey,1,Logan Square
greystone,5,Logan Square
guest,3,Logan Square
guests,1,Logan Square
gut,1,Logan Square
heart,14,Logan Square
hideaway,1,Logan Square
hip,10,Logan Square
hippest,1,Logan Square
historic,2,Logan Square
home,18,Logan Square
homebase,1,Logan Square
hood,2,Logan Square
house,13,Logan Square
housebt,1,Logan Square
huge,5,Logan Square
humboldt,2,Logan Square
ideal,1,Logan Square
incredible,1,Logan Square
industry,1,Logan Square
internet,1,Logan Square
july,1,Logan Square
kedzie,1,Logan Square
keepin,1,Logan Square
king,2,Logan Square
l,3,Logan Square
landmark,1,Logan Square
large,6,Logan Square
level,1,Logan Square
like,2,Logan Square
line,7,Logan Square
lions,1,Logan Square
living,2,Logan Square
ln,1,Logan Square
located,1,Logan Square
location,14,Logan Square
loft,10,Logan Square
loftgigantic,1,Logan Square
lofty,1,Logan Square
logan,188,Logan Square
logansq,1,Logan Square
logansquare,1,Logan Square
logansquareoasisbdvastyardprkng,1,Logan Square
loop,1,Logan Square
lounge,1,Logan Square
love,1,Logan Square
lovely,6,Logan Square
lovers,1,Logan Square
luxury,6,Logan Square
made,1,Logan Square
master,5,Logan Square
midcenturymodern,1,Logan Square
min,4,Logan Square
modern,19,Logan Square
mommas,1,Logan Square
music,2,Logan Square
musicians,1,Logan Square
near,5,Logan Square
neighborhood,3,Logan Square
nerds,1,Logan Square
new,3,Logan Square
newly,1,Logan Square
nice,2,Logan Square
nightlife,2,Logan Square
nook,1,Logan Square
northside,2,Logan Square
oasis,2,Logan Square
office,1,Logan Square
ohare,1,Logan Square
one,8,Logan Square
pad,1,Logan Square
palace,1,Logan Square
palmer,3,Logan Square
palmersq,1,Logan Square
park,11,Logan Square
parkbucktown,2,Logan Square
parking,3,Logan Square
parkpool,1,Logan Square
patio,3,Logan Square
peaceful,2,Logan Square
penthouse,4,Logan Square
peoples,1,Logan Square
perfectly,1,Logan Square
pit,1,Logan Square
place,3,Logan Square
plus,1,Logan Square
popular,1,Logan Square
price,2,Logan Square
prime,3,Logan Square
private,46,Logan Square
pvt,1,Logan Square
quaint,1,Logan Square
queen,2,Logan Square
quiet,4,Logan Square
radical,1,Logan Square
rehabbed,1,Logan Square
relaxed,1,Logan Square
remodeled,1,Logan Square
remodled,1,Logan Square
renovated,1,Logan Square
rent,1,Logan Square
retreat,2,Logan Square
retro,3,Logan Square
right,1,Logan Square
riot,2,Logan Square
river,2,Logan Square
rm,1,Logan Square
robins,1,Logan Square
roof,1,Logan Square
roofdeck,1,Logan Square
rooftop,1,Logan Square
roombath,2,Logan Square
roombathroom,1,Logan Square
salon,1,Logan Square
separate,1,Logan Square
serenity,1,Logan Square
shabby,1,Logan Square
simple,1,Logan Square
single,1,Logan Square
size,1,Logan Square
skylights,1,Logan Square
sleep,1,Logan Square
sleeps,1,Logan Square
south,1,Logan Square
spa,2,Logan Square
space,4,Logan Square
spacious,18,Logan Square
spare,1,Logan Square
splendid,1,Logan Square
spot,1,Logan Square
sq,16,Logan Square
sqft,1,Logan Square
square,159,Logan Square
squarebdmlargeyardparking,1,Logan Square
squarebeautiful,1,Logan Square
squarechicago,1,Logan Square
st,4,Logan Square
stained,1,Logan Square
stay,2,Logan Square
steps,4,Logan Square
stone,1,Logan Square
stop,2,Logan Square
storefront,1,Logan Square
story,3,Logan Square
studio,15,Logan Square
suite,4,Logan Square
sunny,24,Logan Square
sunroom,1,Logan Square
super,1,Logan Square
surfing,2,Logan Square
sweet,3,Logan Square
thgrateful,1,Logan Square
tight,1,Logan Square
top,4,Logan Square
totally,1,Logan Square
tothe,1,Logan Square
town,2,Logan Square
towners,1,Logan Square
trail,1,Logan Square
train,3,Logan Square
transport,1,Logan Square
treasure,1,Logan Square
tree,1,Logan Square
treehouse,3,Logan Square
trendy,2,Logan Square
twin,1,Logan Square
two,5,Logan Square
ultra,1,Logan Square
ultraviolet,1,Logan Square
unique,3,Logan Square
uniqueprivateloftroof,1,Logan Square
unit,5,Logan Square
updated,1,Logan Square
upstairs,2,Logan Square
utopia,1,Logan Square
vacation,1,Logan Square
vibrant,2,Logan Square
victorian,1,Logan Square
view,1,Logan Square
village,1,Logan Square
vintage,7,Logan Square
violet,1,Logan Square
w,9,Logan Square
walk,1,Logan Square
warm,1,Logan Square
wbike,1,Logan Square
wdeck,2,Logan Square
weekend,1,Logan Square
welcome,1,Logan Square
well,1,Logan Square
wensuite,1,Logan Square
west,5,Logan Square
wfree,1,Logan Square
whimsical,1,Logan Square
white,1,Logan Square
whoa,1,Logan Square
whole,2,Logan Square
wicker,6,Logan Square
wilkommen,1,Logan Square
within,1,Logan Square
wparking,2,Logan Square
wpatio,1,Logan Square
wprivate,1,Logan Square
xlarge,1,Logan Square
access,1,Lake View
accomodations,1,Lake View
adorable,2,Lake View
affordable,1,Lake View
airbed,2,Lake View
amazing,6,Lake View
amenities,1,Lake View
amenity,1,Lake View
anthroinspired,1,Lake View
apartement,1,Lake View
apmt,1,Lake View
appartment,1,Lake View
apt,51,Lake View
aptlakeview,1,Lake View
architectural,1,Lake View
area,5,Lake View
artist,1,Lake View
artists,2,Lake View
artsy,2,Lake View
ashland,3,Lake View
asian,1,Lake View
attic,1,Lake View
available,4,Lake View
away,5,Lake View
awesome,2,Lake View
b,2,Lake View
ba,5,Lake View
baby,1,Lake View
bad,1,Lake View
balcony,3,Lake View
barsbeachrest,1,Lake View
baseball,1,Lake View
basement,1,Lake View
bath,28,Lake View
bathbalcony,1,Lake View
bathroom,3,Lake View
bb,3,Lake View
bc,1,Lake View
bd,33,Lake View
bdba,3,Lake View
bdbth,3,Lake View
bdr,2,Lake View
bdrm,9,Lake View
beach,2,Lake View
beachbarsplay,1,Lake View
beaches,1,Lake View
beats,1,Lake View
beautiful,21,Lake View
beautifull,1,Lake View
beautifully,2,Lake View
bed,38,Lake View
bedbath,4,Lake View
bedbathsparking,1,Lake View
bedroombathroom,2,Lake View
bedrooms,1,Lake View
bedroscoe,1,Lake View
beds,3,Lake View
belmont,5,Lake View
best,7,Lake View
big,1,Lake View
bldgrooftop,1,Lake View
block,4,Lake View
blocks,5,Lake View
book,1,Lake View
boystown,23,Lake View
boystownlakeview,4,Lake View
boystownnear,1,Lake View
boystownwrigley,2,Lake View
br,40,Lake View
brand,2,Lake View
brb,1,Lake View
brba,2,Lake View
brbath,1,Lake View
brbth,1,Lake View
brfl,1,Lake View
brick,2,Lake View
bright,3,Lake View
brm,1,Lake View
brooklyn,1,Lake View
brownstone,4,Lake View
bt,1,Lake View
budget,1,Lake View
building,1,Lake View
bustrain,1,Lake View
castle,3,Lake View
cats,1,Lake View
center,2,Lake View
century,1,Lake View
character,1,Lake View
charm,6,Lake View
charmer,2,Lake View
charming,21,Lake View
cheer,1,Lake View
cheery,1,Lake View
chic,3,Lake View
chicago,24,Lake View
chicagos,1,Lake View
choice,1,Lake View
city,3,Lake View
clark,2,Lake View
classic,1,Lake View
clean,7,Lake View
close,10,Lake View
coach,2,Lake View
comfiest,1,Lake View
comfort,1,Lake View
comfortable,4,Lake View
comfy,10,Lake View
condo,44,Lake View
contemporary,1,Lake View
convenient,3,Lake View
cornelia,1,Lake View
corr,1,Lake View
corridor,5,Lake View
cosy,1,Lake View
couch,5,Lake View
courtyard,1,Lake View
cozy,46,Lake View
crash,2,Lake View
creative,1,Lake View
cta,2,Lake View
cubs,6,Lake View
cuddles,1,Lake View
cute,3,Lake View
days,1,Lake View
deal,1,Lake View
deck,5,Lake View
decks,1,Lake View
deluxe,1,Lake View
designer,2,Lake View
digs,1,Lake View
dine,2,Lake View
distance,1,Lake View
dog,1,Lake View
dorm,4,Lake View
downtown,7,Lake View
dream,1,Lake View
drive,3,Lake View
dropdead,1,Lake View
dugout,1,Lake View
duplex,8,Lake View
duplexodr,1,Lake View
e,7,Lake View
east,22,Lake View
el,1,Lake View
elegant,6,Lake View
elite,1,Lake View
en,1,Lake View
entire,3,Lake View
everything,3,Lake View
experience,1,Lake View
explore,1,Lake View
exposed,2,Lake View
extra,1,Lake View
fab,1,Lake View
fabulous,1,Lake View
family,1,Lake View
fan,1,Lake View
fancy,1,Lake View
field,16,Lake View
first,1,Lake View
firstfloor,1,Lake View
fit,1,Lake View
flat,9,Lake View
flatbook,4,Lake View
floor,9,Lake View
foot,1,Lake View
fremont,1,Lake View
friendly,2,Lake View
ft,1,Lake View
full,2,Lake View
fully,1,Lake View
fun,2,Lake View
furnished,5,Lake View
furnishedprivate,1,Lake View
futon,1,Lake View
games,1,Lake View
garden,4,Lake View
gated,1,Lake View
gay,3,Lake View
gem,2,Lake View
giant,2,Lake View
glorious,1,Lake View
gorgeous,4,Lake View
gourmet,1,Lake View
graystone,1,Lake View
great,19,Lake View
green,1,Lake View
greystone,5,Lake View
groovy,1,Lake View
ground,1,Lake View
guest,3,Lake View
guesthouse,1,Lake View
guests,1,Lake View
halfblock,1,Lake View
halstd,1,Lake View
halsted,2,Lake View
harbor,1,Lake View
harborside,1,Lake View
harbour,1,Lake View
hard,1,Lake View
haven,1,Lake View
heart,19,Lake View
hideaway,1,Lake View
high,2,Lake View
highrise,2,Lake View
historic,2,Lake View
home,13,Lake View
homelakeview,1,Lake View
homey,2,Lake View
host‚Äôs,1,Lake View
hostel,5,Lake View
hot,5,Lake View
house,12,Lake View
huge,7,Lake View
ideally,1,Lake View
ii,2,Lake View
included,1,Lake View
includes,1,Lake View
industrial,1,Lake View
insanely,1,Lake View
inviting,1,Lake View
irving,1,Lake View
join,1,Lake View
jr,1,Lake View
july,2,Lake View
junior,1,Lake View
kitchen,3,Lake View
l,1,Lake View
lake,47,Lake View
lakefront,4,Lake View
lakeshore,3,Lake View
lakeside,1,Lake View
lakeview,202,Lake View
lakeviewboystown,6,Lake View
lakeviewlincoln,1,Lake View
lakeviews,1,Lake View
lakeviewsouthport,1,Lake View
lakeviewwrigley,2,Lake View
lakeviewwrigleyville,7,Lake View
lakewrigley,1,Lake View
lakview,1,Lake View
large,18,Lake View
level,1,Lake View
lgbt,2,Lake View
lincoln,14,Lake View
line,4,Lake View
listbrba,1,Lake View
livin,1,Lake View
living,1,Lake View
locale,1,Lake View
located,2,Lake View
location,29,Lake View
loft,19,Lake View
loop,1,Lake View
lounge,1,Lake View
lovely,4,Lake View
ltrain,1,Lake View
lux,3,Lake View
luxurious,2,Lake View
luxury,17,Lake View
lv,2,Lake View
m,1,Lake View
make,2,Lake View
marigold,1,Lake View
massive,1,Lake View
master,4,Lake View
mastersuite,1,Lake View
mdn,1,Lake View
meets,1,Lake View
mi,2,Lake View
michigan,1,Lake View
mid,1,Lake View
midcentury,2,Lake View
middle,1,Lake View
min,5,Lake View
minimalist,1,Lake View
mins,2,Lake View
minutes,1,Lake View
mod,1,Lake View
modern,32,Lake View
modernspacious,1,Lake View
music,1,Lake View
n,1,Lake View
nd,2,Lake View
near,27,Lake View
neat,1,Lake View
neighborhood,4,Lake View
new,10,Lake View
newly,1,Lake View
next,6,Lake View
nice,5,Lake View
nightlife,1,Lake View
nights,1,Lake View
noise,1,Lake View
nook,1,Lake View
north,1,Lake View
northside,1,Lake View
nuzzled,1,Lake View
oasis,3,Lake View
october,1,Lake View
odf,1,Lake View
off,1,Lake View
offer,1,Lake View
ogardens,1,Lake View
one,17,Lake View
onebedroom,2,Lake View
onyx,1,Lake View
outstanding,1,Lake View
overlooking,1,Lake View
pad,3,Lake View
paris,1,Lake View
parisian,1,Lake View
park,13,Lake View
parkde,1,Lake View
parking,6,Lake View
parklakeview,2,Lake View
patiobackyard,1,Lake View
paul,1,Lake View
penthouse,13,Lake View
perfect,4,Lake View
perfectly,1,Lake View
place,2,Lake View
play,1,Lake View
pool,1,Lake View
posh,2,Lake View
pretty,1,Lake View
price,1,Lake View
prime,5,Lake View
prince,1,Lake View
princess,1,Lake View
pristine,1,Lake View
priv,1,Lake View
private,50,Lake View
privte,1,Lake View
property,1,Lake View
prow,2,Lake View
quaint,3,Lake View
quarters,3,Lake View
queen,8,Lake View
quiet,8,Lake View
quirky,1,Lake View
ravenswood,2,Lake View
reasons,1,Lake View
red,4,Lake View
refurb,1,Lake View
rehab,2,Lake View
relax,2,Lake View
relaxing,1,Lake View
renovated,2,Lake View
rent,4,Lake View
rental,1,Lake View
rest,1,Lake View
retreat,2,Lake View
right,1,Lake View
rise,2,Lake View
rm,2,Lake View
rmsnexttrain,1,Lake View
roof,1,Lake View
roofdeck,1,Lake View
rooftop,4,Lake View
roommates,1,Lake View
rooms,1,Lake View
roomy,2,Lake View
rosce,1,Lake View
roscoe,7,Lake View
roscoelakeview,1,Lake View
row,1,Lake View
rowans,1,Lake View
runners,1,Lake View
rustic,1,Lake View
s,1,Lake View
safe,1,Lake View
seeking,1,Lake View
separate,1,Lake View
sfh,1,Lake View
shared,3,Lake View
sharegreat,1,Lake View
sheffield,1,Lake View
sheffielddepaullp,1,Lake View
ships,2,Lake View
shopping,2,Lake View
shore,4,Lake View
side,2,Lake View
simple,2,Lake View
sinar,1,Lake View
single,2,Lake View
size,1,Lake View
skyline,1,Lake View
sleep,1,Lake View
sleeps,1,Lake View
small,1,Lake View
sofabed,1,Lake View
southport,10,Lake View
southportwrigleyville,1,Lake View
space,8,Lake View
spacious,42,Lake View
spatious,1,Lake View
splitlevel,1,Lake View
spot,1,Lake View
spotenjoy,1,Lake View
square,1,Lake View
st,2,Lake View
stadium,1,Lake View
stay,4,Lake View
steps,22,Lake View
stones,1,Lake View
story,3,Lake View
street,2,Lake View
studio,63,Lake View
study,1,Lake View
stunning,4,Lake View
style,1,Lake View
suite,6,Lake View
sunny,10,Lake View
sunroom,1,Lake View
super,1,Lake View
sut,1,Lake View
sweet,1,Lake View
t,1,Lake View
territory,1,Lake View
th,3,Lake View
throw,1,Lake View
top,2,Lake View
touch,1,Lake View
townhouse,3,Lake View
train,9,Lake View
trainwrigley,1,Lake View
transit,1,Lake View
travelers,1,Lake View
treehouse,1,Lake View
true,1,Lake View
tub,2,Lake View
twin,1,Lake View
twnhs,1,Lake View
two,2,Lake View
twobedroom,1,Lake View
type,1,Lake View
unit,7,Lake View
units,1,Lake View
updated,3,Lake View
us,1,Lake View
utiliti,1,Lake View
value,1,Lake View
vibrant,2,Lake View
view,14,Lake View
viewboystown,1,Lake View
views,5,Lake View
village,2,Lake View
vintage,17,Lake View
visitors,1,Lake View
w,17,Lake View
walk,2,Lake View
walking,1,Lake View
walkup,1,Lake View
warm,2,Lake View
wbalcony,1,Lake View
wdeck,2,Lake View
wden,1,Lake View
weekend,1,Lake View
welcome,1,Lake View
welcoming,2,Lake View
well,1,Lake View
wellington,1,Lake View
west,2,Lake View
wgarage,1,Lake View
whole,1,Lake View
wine,1,Lake View
wknd,1,Lake View
wl,1,Lake View
wlg,1,Lake View
wonder,1,Lake View
wonderful,1,Lake View
wood,1,Lake View
worlds,1,Lake View
wpriv,1,Lake View
wrigley,59,Lake View
wrigleybars,1,Lake View
wrigleyboystown,6,Lake View
wrigleyfield,1,Lake View
wrigleyflat,2,Lake View
wrigleyvile,1,Lake View
wrigleyvill,1,Lake View
wrigleyville,41,Lake View
wrigleyvillelakeview,2,Lake View
wrigleyvillewarm,1,Lake View
wroof,1,Lake View
wroofdeck,1,Lake View
a,3,Lincoln Park
‚ùÔè,1,Lincoln Park
access,1,Lincoln Park
across,1,Lincoln Park
address,1,Lincoln Park
adorable,2,Lincoln Park
affordable,1,Lincoln Park
air,1,Lincoln Park
airy,1,Lincoln Park
amazing,28,Lincoln Park
amenities,5,Lincoln Park
antique,1,Lincoln Park
apt,42,Lincoln Park
aptmagnificent,1,Lincoln Park
area,5,Lincoln Park
art,2,Lincoln Park
artistic,3,Lincoln Park
artists,2,Lincoln Park
artsy,1,Lincoln Park
attractions,2,Lincoln Park
ave,5,Lincoln Park
avenue,4,Lincoln Park
avrg,1,Lincoln Park
away,2,Lincoln Park
awesome,2,Lincoln Park
b,7,Lincoln Park
ba,7,Lincoln Park
balcony,7,Lincoln Park
balconygold,1,Lincoln Park
bars,2,Lincoln Park
bath,20,Lincoln Park
bathroom,5,Lincoln Park
bb,3,Lincoln Park
bd,15,Lincoln Park
bdba,4,Lincoln Park
bdbath,1,Lincoln Park
bdbr,3,Lincoln Park
bdr,4,Lincoln Park
bdrm,5,Lincoln Park
bdrms,1,Lincoln Park
beach,6,Lincoln Park
beachbarscity,1,Lincoln Park
beautiful,11,Lincoln Park
beautifully,2,Lincoln Park
beauty,1,Lincoln Park
bed,20,Lincoln Park
bedrooms,1,Lincoln Park
beds,1,Lincoln Park
bedsba,2,Lincoln Park
best,13,Lincoln Park
big,1,Lincoln Park
bld,1,Lincoln Park
bldg,2,Lincoln Park
block,4,Lincoln Park
blue,1,Lincoln Park
boutique,1,Lincoln Park
br,55,Lincoln Park
brapartmenthome,1,Lincoln Park
brba,12,Lincoln Park
brick,1,Lincoln Park
bricktimber,1,Lincoln Park
bright,3,Lincoln Park
brightprivate,1,Lincoln Park
brown,1,Lincoln Park
brprivate,1,Lincoln Park
building,1,Lincoln Park
c,1,Lincoln Park
castle,2,Lincoln Park
cat,1,Lincoln Park
center,4,Lincoln Park
central,2,Lincoln Park
charming,9,Lincoln Park
chestnut,2,Lincoln Park
chic,3,Lincoln Park
chicago,76,Lincoln Park
chicagogreat,1,Lincoln Park
chicagoluxury,1,Lincoln Park
chicagos,4,Lincoln Park
city,15,Lincoln Park
close,8,Lincoln Park
clouds,1,Lincoln Park
coach,2,Lincoln Park
coast,100,Lincoln Park
coastold,1,Lincoln Park
coastriver,1,Lincoln Park
comfort,1,Lincoln Park
comfortable,3,Lincoln Park
comfy,2,Lincoln Park
condo,40,Lincoln Park
condochicago,1,Lincoln Park
condoheart,2,Lincoln Park
condominium,1,Lincoln Park
contact,1,Lincoln Park
convenience,2,Lincoln Park
convenient,3,Lincoln Park
convertible,3,Lincoln Park
cool,1,Lincoln Park
corner,5,Lincoln Park
cost,4,Lincoln Park
costdowntown,1,Lincoln Park
cottage,1,Lincoln Park
couch,1,Lincoln Park
courtyard,1,Lincoln Park
cozy,28,Lincoln Park
crash,1,Lincoln Park
cute,1,Lincoln Park
deal,1,Lincoln Park
dearborn,2,Lincoln Park
deck,2,Lincoln Park
decks,1,Lincoln Park
deckskyline,1,Lincoln Park
deco,1,Lincoln Park
delightful,1,Lincoln Park
deluxe,1,Lincoln Park
den,1,Lincoln Park
designer,1,Lincoln Park
designers,1,Lincoln Park
direct,1,Lincoln Park
district,1,Lincoln Park
division,1,Lincoln Park
divisiondearborn,1,Lincoln Park
double,1,Lincoln Park
downtown,69,Lincoln Park
downtownloop,1,Lincoln Park
downtownparklake,1,Lincoln Park
dropping,1,Lincoln Park
duplex,3,Lincoln Park
eclectic,1,Lincoln Park
edgar,1,Lincoln Park
elegant,2,Lincoln Park
elm,1,Lincoln Park
enjoy,1,Lincoln Park
ensuite,1,Lincoln Park
entire,1,Lincoln Park
epic,2,Lincoln Park
escape,2,Lincoln Park
everything,10,Lincoln Park
everythingstay,1,Lincoln Park
everywhere,1,Lincoln Park
excellent,2,Lincoln Park
executive,1,Lincoln Park
exp,1,Lincoln Park
explore,1,Lincoln Park
exposed,1,Lincoln Park
f,2,Lincoln Park
fabulous,3,Lincoln Park
fantastic,1,Lincoln Park
feb,1,Lincoln Park
feel,1,Lincoln Park
fireworks,1,Lincoln Park
fl,1,Lincoln Park
flat,4,Lincoln Park
floor,16,Lincoln Park
florsheim,1,Lincoln Park
flr,2,Lincoln Park
free,6,Lincoln Park
french,1,Lincoln Park
front,2,Lincoln Park
ft,1,Lincoln Park
full,1,Lincoln Park
furnished,9,Lincoln Park
g,2,Lincoln Park
garage,1,Lincoln Park
garden,1,Lincoln Park
gc,3,Lincoln Park
gem,3,Lincoln Park
glamorous,2,Lincoln Park
gold,104,Lincoln Park
goldcoast,10,Lincoln Park
gorg,1,Lincoln Park
gorgeous,6,Lincoln Park
grand,4,Lincoln Park
great,30,Lincoln Park
green,1,Lincoln Park
greenhouse,1,Lincoln Park
guaranteed,1,Lincoln Park
guestroom,1,Lincoln Park
gym,1,Lincoln Park
hancock,2,Lincoln Park
hancok,1,Lincoln Park
heart,32,Lincoln Park
high,12,Lincoln Park
highrise,8,Lincoln Park
hirise,2,Lincoln Park
historic,6,Lincoln Park
home,3,Lincoln Park
homey,1,Lincoln Park
hot,2,Lincoln Park
hotel,5,Lincoln Park
hotellike,1,Lincoln Park
house,7,Lincoln Park
huge,10,Lincoln Park
iconic,1,Lincoln Park
ideal,1,Lincoln Park
ii,1,Lincoln Park
included,2,Lincoln Park
incredible,1,Lincoln Park
independent,1,Lincoln Park
industrial,1,Lincoln Park
intimate,1,Lincoln Park
jaw,1,Lincoln Park
john,1,Lincoln Park
key,1,Lincoln Park
lady,1,Lincoln Park
lake,19,Lincoln Park
lakecity,1,Lincoln Park
lakefront,2,Lincoln Park
lakefrontnavy,1,Lincoln Park
lakemichigan,1,Lincoln Park
lakeparktrain,1,Lincoln Park
lakeshore,2,Lincoln Park
lakeside,1,Lincoln Park
lakesideviews,1,Lincoln Park
lakeview,1,Lincoln Park
large,11,Lincoln Park
lasalle,1,Lincoln Park
lavish,1,Lincoln Park
level,1,Lincoln Park
lg,1,Lincoln Park
library,1,Lincoln Park
life,1,Lincoln Park
lincoln,5,Lincoln Park
line,5,Lincoln Park
live,1,Lincoln Park
lively,1,Lincoln Park
living,6,Lincoln Park
loc,3,Lincoln Park
located,1,Lincoln Park
location,43,Lincoln Park
locationheart,1,Lincoln Park
locationstylish,1,Lincoln Park
loft,46,Lincoln Park
lolla,1,Lincoln Park
loop,4,Lincoln Park
love,1,Lincoln Park
lovely,4,Lincoln Park
lowest,1,Lincoln Park
lurury,1,Lincoln Park
lux,8,Lincoln Park
luxe,2,Lincoln Park
luxurious,7,Lincoln Park
luxury,61,Lincoln Park
luxury‚Äîlive,1,Lincoln Park
luxurybrba,1,Lincoln Park
luxurylocation,1,Lincoln Park
m,1,Lincoln Park
mag,10,Lincoln Park
magmilewatertower,2,Lincoln Park
magnificent,9,Lincoln Park
manor,1,Lincoln Park
mansion,1,Lincoln Park
master,7,Lincoln Park
meets,1,Lincoln Park
michigan,11,Lincoln Park
mile,19,Lincoln Park
milelakeloop,1,Lincoln Park
miller,1,Lincoln Park
min,1,Lincoln Park
minutes,1,Lincoln Park
modern,31,Lincoln Park
modernist,1,Lincoln Park
month,1,Lincoln Park
navy,6,Lincoln Park
nd,4,Lincoln Park
near,15,Lincoln Park
needed,1,Lincoln Park
neighborhood,1,Lincoln Park
new,6,Lincoln Park
newly,1,Lincoln Park
next,5,Lincoln Park
nfranklin,1,Lincoln Park
nice,1,Lincoln Park
north,76,Lincoln Park
nystyle,1,Lincoln Park
oasis,4,Lincoln Park
old,59,Lincoln Park
omg,1,Lincoln Park
one,6,Lincoln Park
onebedroom,1,Lincoln Park
openconcept,1,Lincoln Park
overly,1,Lincoln Park
pad,1,Lincoln Park
panoramic,2,Lincoln Park
paradise,1,Lincoln Park
park,6,Lincoln Park
parking,12,Lincoln Park
patio,2,Lincoln Park
penthouse,19,Lincoln Park
perch,1,Lincoln Park
perfect,6,Lincoln Park
pics,1,Lincoln Park
pier,7,Lincoln Park
piermichigan,1,Lincoln Park
pk,2,Lincoln Park
pl,3,Lincoln Park
pool,6,Lincoln Park
poolparking,1,Lincoln Park
pooltablehot,1,Lincoln Park
posh,1,Lincoln Park
ppl,1,Lincoln Park
pr,1,Lincoln Park
pretty,1,Lincoln Park
prewar,1,Lincoln Park
price,1,Lincoln Park
prime,9,Lincoln Park
priv,3,Lincoln Park
private,26,Lincoln Park
privateapartmentmagnificentmiles,1,Lincoln Park
public,1,Lincoln Park
pullout,1,Lincoln Park
queen,3,Lincoln Park
quiet,2,Lincoln Park
quirky,1,Lincoln Park
raffaello,2,Lincoln Park
rd,2,Lincoln Park
red,4,Lincoln Park
remodeled,1,Lincoln Park
renovated,2,Lincoln Park
rent,3,Lincoln Park
residential,1,Lincoln Park
resort,1,Lincoln Park
retreat,2,Lincoln Park
right,2,Lincoln Park
rise,11,Lincoln Park
ritchie,1,Lincoln Park
riv,1,Lincoln Park
river,75,Lincoln Park
rm,1,Lincoln Park
rmentire,1,Lincoln Park
romantic,1,Lincoln Park
roof,2,Lincoln Park
rooftop,1,Lincoln Park
roomdowntown,1,Lincoln Park
roommate,1,Lincoln Park
roomprivate,1,Lincoln Park
roomy,1,Lincoln Park
rush,6,Lincoln Park
rushdivision,1,Lincoln Park
sbr,1,Lincoln Park
secret,1,Lincoln Park
see,1,Lincoln Park
services,1,Lincoln Park
share,1,Lincoln Park
short,2,Lincoln Park
side,1,Lincoln Park
simple,1,Lincoln Park
sky,3,Lincoln Park
skyline,6,Lincoln Park
skyprime,1,Lincoln Park
skyscraper,1,Lincoln Park
sleep,2,Lincoln Park
sleeps,7,Lincoln Park
smooth,1,Lincoln Park
sofa,1,Lincoln Park
south,1,Lincoln Park
space,1,Lincoln Park
spacious,19,Lincoln Park
spectacular,2,Lincoln Park
spot,1,Lincoln Park
spots,1,Lincoln Park
sq,1,Lincoln Park
sqft,1,Lincoln Park
st,6,Lincoln Park
star,1,Lincoln Park
state,3,Lincoln Park
stay,4,Lincoln Park
steps,10,Lincoln Park
stgarden,1,Lincoln Park
street,1,Lincoln Park
streeter,2,Lincoln Park
streeterville,11,Lincoln Park
studio,74,Lincoln Park
studiogold,2,Lincoln Park
studiogreat,1,Lincoln Park
studioold,1,Lincoln Park
studioriver,1,Lincoln Park
stunner,2,Lincoln Park
stunning,12,Lincoln Park
style,1,Lincoln Park
stylish,1,Lincoln Park
suite,7,Lincoln Park
suites,2,Lincoln Park
sundrenched,1,Lincoln Park
sunfilled,1,Lincoln Park
sunny,5,Lincoln Park
surroundings,1,Lincoln Park
swanky,1,Lincoln Park
sweet,1,Lincoln Park
tempurpedic,1,Lincoln Park
terrific,1,Lincoln Park
th,4,Lincoln Park
top,6,Lincoln Park
touristy,2,Lincoln Park
tower,1,Lincoln Park
town,61,Lincoln Park
towne,1,Lincoln Park
townhome,3,Lincoln Park
townhouse,1,Lincoln Park
townlincoln,1,Lincoln Park
train,2,Lincoln Park
tri,1,Lincoln Park
tub,1,Lincoln Park
tuxedo,1,Lincoln Park
two,2,Lincoln Park
unique,1,Lincoln Park
unit,5,Lincoln Park
unparalleled,1,Lincoln Park
updated,1,Lincoln Park
upgraded,1,Lincoln Park
upscale,1,Lincoln Park
urban,3,Lincoln Park
vibrant,1,Lincoln Park
victorian,1,Lincoln Park
view,40,Lincoln Park
views,21,Lincoln Park
vintage,6,Lincoln Park
w,18,Lincoln Park
walk,7,Lincoln Park
walkers,1,Lincoln Park
water,1,Lincoln Park
wdeck,1,Lincoln Park
west,1,Lincoln Park
whimsical,1,Lincoln Park
wlake,1,Lincoln Park
wluxe,1,Lincoln Park
wparking,1,Lincoln Park
wpatio,1,Lincoln Park
wprivate,1,Lincoln Park
wt,1,Lincoln Park
wth,1,Lincoln Park
wview,1,Lincoln Park
zen,1,Lincoln Park
abode,1,Edgewater
access,1,Edgewater
adorable,1,Edgewater
adventurers,1,Edgewater
affordable,1,Edgewater
air,1,Edgewater
amazing,3,Edgewater
andersonville,26,Edgewater
annex,1,Edgewater
apt,8,Edgewater
area,3,Edgewater
artsy,1,Edgewater
available,1,Edgewater
away,2,Edgewater
awesome,2,Edgewater
b,3,Edgewater
ba,1,Edgewater
backyard,1,Edgewater
bath,7,Edgewater
bd,3,Edgewater
beach,12,Edgewater
beachfront,1,Edgewater
beautiful,4,Edgewater
beauty,1,Edgewater
bed,7,Edgewater
bedroomone,1,Edgewater
bedrooms,2,Edgewater
berwyn,1,Edgewater
best,1,Edgewater
big,2,Edgewater
block,1,Edgewater
blocks,1,Edgewater
bohemian,1,Edgewater
box,1,Edgewater
br,10,Edgewater
brba,1,Edgewater
breathtaking,1,Edgewater
bright,5,Edgewater
brightnbeautiful,1,Edgewater
brm,1,Edgewater
bungalow,1,Edgewater
car,1,Edgewater
castle,1,Edgewater
character,1,Edgewater
charasmatic,1,Edgewater
charming,13,Edgewater
charmvintage,1,Edgewater
cheerful,1,Edgewater
cheery,1,Edgewater
chi,1,Edgewater
chic,1,Edgewater
chicago,9,Edgewater
city,1,Edgewater
classic,1,Edgewater
clean,1,Edgewater
close,6,Edgewater
coach,3,Edgewater
coffee,1,Edgewater
comf,1,Edgewater
comfy,4,Edgewater
condo,13,Edgewater
condoandersonville,1,Edgewater
contemporary,1,Edgewater
convenient,2,Edgewater
couch,3,Edgewater
cozy,21,Edgewater
cta,1,Edgewater
cute,1,Edgewater
deck,1,Edgewater
delightful,1,Edgewater
double,2,Edgewater
downtown,1,Edgewater
eclectic,3,Edgewater
edgewater,24,Edgewater
edgewaterloyolanu,1,Edgewater
edgewaterloyolanu‚Äîclose,1,Edgewater
edgewaterrp,1,Edgewater
edgewaters,1,Edgewater
el,3,Edgewater
entire,3,Edgewater
everythin,1,Edgewater
everything,1,Edgewater
exposedbrick,1,Edgewater
extras,1,Edgewater
fashionable,1,Edgewater
five,1,Edgewater
flat,2,Edgewater
floor,2,Edgewater
four,1,Edgewater
french,1,Edgewater
friendly,3,Edgewater
full,1,Edgewater
futon,1,Edgewater
garden,4,Edgewater
gay,2,Edgewater
get,1,Edgewater
getaway,3,Edgewater
glass,1,Edgewater
glen,1,Edgewater
gorgeous,2,Edgewater
granville,1,Edgewater
granvillered,1,Edgewater
great,8,Edgewater
greystone,1,Edgewater
guest,2,Edgewater
highlander,1,Edgewater
highrise,1,Edgewater
historic,1,Edgewater
hollywood,1,Edgewater
home,7,Edgewater
hood,1,Edgewater
hotel,1,Edgewater
house,4,Edgewater
huge,2,Edgewater
inviting,1,Edgewater
jewel,1,Edgewater
kitchen,1,Edgewater
lake,17,Edgewater
lakefront,1,Edgewater
lakeview,2,Edgewater
lakeviewedgewater,1,Edgewater
lakeviews,1,Edgewater
large,1,Edgewater
leave,1,Edgewater
level,1,Edgewater
lgbt,1,Edgewater
light,1,Edgewater
likeside,1,Edgewater
line,1,Edgewater
little,1,Edgewater
living,2,Edgewater
located,1,Edgewater
location,3,Edgewater
lodge,1,Edgewater
lofty,1,Edgewater
loop,1,Edgewater
lots,1,Edgewater
lovely,1,Edgewater
loyola,4,Edgewater
luxury,3,Edgewater
magnolia,1,Edgewater
magnoliaglen,1,Edgewater
master,1,Edgewater
min,1,Edgewater
mintues,1,Edgewater
modern,2,Edgewater
musician,1,Edgewater
n,1,Edgewater
near,7,Edgewater
neighborhood,1,Edgewater
next,1,Edgewater
northside,2,Edgewater
oasis,3,Edgewater
old,1,Edgewater
one,2,Edgewater
open,1,Edgewater
overlooking,1,Edgewater
parking,4,Edgewater
parks,1,Edgewater
penthouse,4,Edgewater
perfect,1,Edgewater
perfectly,1,Edgewater
pool,1,Edgewater
privacy,1,Edgewater
private,19,Edgewater
pvt,2,Edgewater
quiet,3,Edgewater
ravenswood,2,Edgewater
recliner,1,Edgewater
redline,1,Edgewater
redlinebustopmin‚ôparkingrentalcar,1,Edgewater
rehabbed,1,Edgewater
relax,1,Edgewater
relaxing,1,Edgewater
renovated,2,Edgewater
residence,1,Edgewater
residerascher,1,Edgewater
right,2,Edgewater
rooftop,2,Edgewater
roomedgewaterville,1,Edgewater
roomy,1,Edgewater
safe,1,Edgewater
separate,1,Edgewater
shabby,1,Edgewater
shared,2,Edgewater
shops,1,Edgewater
shopstreet,1,Edgewater
short,1,Edgewater
side,1,Edgewater
single,1,Edgewater
size,1,Edgewater
sleeps,1,Edgewater
space,2,Edgewater
spacious,8,Edgewater
spare,1,Edgewater
spectacular,1,Edgewater
stained,1,Edgewater
story,1,Edgewater
straight,1,Edgewater
studio,17,Edgewater
stunning,1,Edgewater
stylish,1,Edgewater
subway,1,Edgewater
suite,3,Edgewater
sunny,5,Edgewater
sunroom,1,Edgewater
sunshine,1,Edgewater
sweet,1,Edgewater
th,1,Edgewater
three,1,Edgewater
train,4,Edgewater
trainbeach,1,Edgewater
transit,1,Edgewater
treehouse,1,Edgewater
trendy,1,Edgewater
two,2,Edgewater
u,1,Edgewater
unit,2,Edgewater
university,1,Edgewater
updated,1,Edgewater
urban,1,Edgewater
victorian,2,Edgewater
view,10,Edgewater
views,1,Edgewater
village,1,Edgewater
vintage,4,Edgewater
w,5,Edgewater
walk,2,Edgewater
wgarage,1,Edgewater
wrigley,1,Edgewater
yard,1,Edgewater
